,count,normalized count
0,1180,50.64377682403433
1,811,34.8068669527897
-1,339,14.549356223175966
