,count,normalized count
0,1400,50.59631369714492
1,976,35.27285869172389
-1,391,14.130827611131188
