,count,normalized count
0,712,49.58217270194986
1,533,37.11699164345404
-1,191,13.3008356545961
