,count,normalized count
0,5434,47.22342921699835
1,4241,36.85582688798123
-1,1832,15.920743895020422
