,count,normalized count
0,4148,44.70791118775598
1,3356,36.171588704462174
-1,1774,19.120500107781847
