,count,normalized count
0,3085,43.945868945868945
1,2694,38.37606837606838
-1,1241,17.678062678062677
