,count,normalized count
0,3086,43.07649357900614
1,2669,37.25572305974316
-1,1409,19.6677833612507
