,count,normalized count
0,2901,42.85081240768094
1,2586,38.197932053175776
-1,1283,18.95125553914328
