,count,normalized count
0,1700,44.29390307451798
1,1391,36.24283480979677
-1,747,19.463262115685254
