,count,normalized count
0,3029,41.37412921732004
1,2809,38.36907526294222
-1,1483,20.256795519737743
