,count,normalized count
0,3935,43.25126401406902
1,3451,37.93141349747197
-1,1712,18.817322488459002
