,count,normalized count
0,3802,42.887760857304
1,3298,37.20248166948675
-1,1765,19.90975747320925
