,count,normalized count
0,2014,41.766901700539194
1,1985,41.165491497304025
-1,823,17.06760680215678
