,count,normalized count
0,3247,42.60036735764891
1,2934,38.49383363946471
-1,1441,18.905799002886383
